VESTNUM;KVKNUM;RECHTSVORM;ZAAKNAAM;KVKSTART;STRNAAM;WHITESPACE;SUFFIX;HUISNR;STRAATNAAM_TOT;POSTCODE_NR;POSTCODE_LE;POSTCODE;SBI;ma;di;woe;do;vr;zat;zo
355881214;492967423506;BV;Cecelia Prince;13/04/2000;Anton Paras; ;Weg;396;Anton Paras Weg;1081;BZ;1081BZ;85312;6;2;15;13;9;5;2
882959698;753225521117;NV;Carlton Hansen;30/05/2000;Markus Younger; ;Steeg;229;Markus Younger Steeg;1073;FN;1073FN;6420;2;2;6;2;11;10;15
764250693;846349406191;CV;Jannie Hammond;08/09/2000;Preston Trogdon; ;Laan;319;Preston Trogdon Laan;1041;ZK;1041ZK;6420;13;12;5;12;8;6;11
976037960;51383386071;VOF;Von Avery;01/02/2001;Trinidad Miranda; ;Laan;53;Trinidad Miranda Laan;1073;HB;1073HB;6420;15;5;14;11;13;1;1
908593514;87861629179;CV;Sid Berg;06/02/2001;Anthony Zerangue; ;Weg;261;Anthony Zerangue Weg;1074;US;1074US;4761;0;2;3;13;13;1;14
267020145;39302595583;NV;Keneth Warren;09/04/2003;Dorian Colin; ;Boulevard;302;Dorian Colin Boulevard;1072;UK;1072UK;6420;12;10;15;12;8;10;2
924030929;199451111021;VOF;Juliette Camacho;22/11/2003;Wilbur Teal; ;Weg;75;Wilbur Teal Weg;1017;PG;1017PG;55101;1;4;14;10;15;8;10
526367924;50198460858;BV;Jennie Marquez;13/06/2004;Moshe Leyba; ;Steeg;12;Moshe Leyba Steeg;1019;UO;1019UO;74201;5;2;8;3;5;13;4
850889170;231191637448;BV;Teddy Becker;16/02/2005;Johnathon Earl; ;Straat;189;Johnathon Earl Straat;1012;WZ;1012WZ;6312;2;13;10;13;5;4;11
208125521;630335043495;CV;Teri Cunningham;20/08/2005;Edison Collom; ;Steeg;128;Edison Collom Steeg;1016;IV;1016IV;7311;12;14;2;4;3;10;12
580477889;702768941224;BV;Alissa Silva;03/01/2006;Carmine Mattson; ;Weg;95;Carmine Mattson Weg;1013;KK;1013KK;6420;6;12;10;0;3;1;5
734688653;869154309951;MAATSCHAP;Orville Jensen;01/04/2007;Robt Lintz; ;Steeg;359;Robt Lintz Steeg;1014;AD;1014AD;47783;3;7;1;14;13;15;13
35971061;451506986743;BV;Guadalupe Sawyer;11/04/2008;Cary Wiest; ;Weg;145;Cary Wiest Weg;1051;RM;1051RM;6420;7;4;7;1;2;13;9
938227685;372598522560;NV;Otha Clayton;28/02/2009;Keith Thames; ;Laan;153;Keith Thames Laan;1056;MX;1056MX;6420;6;6;9;14;1;2;3
544590884;341229734792;CV;Cleveland Strickland;11/08/2010;Joan Vescio; ;Weg;145;Joan Vescio Weg;1093;GS;1093GS;69102;8;12;13;1;14;3;7
319004671;283147841815;EENMANSZAAK;Leanne Walter;06/02/2011;Luis Hawk; ;Straat;334;Luis Hawk Straat;1094;BV;1094BV;68204;14;2;0;8;14;9;4
798823594;320938980701;NV;Domingo Brandt;17/08/2011;Dee Tulloch; ;Weg;351;Dee Tulloch Weg;1098;UA;1098UA;6420;2;11;10;4;11;1;13
237862542;559079358955;VOF;Wilda Bird;05/06/2013;Hugh Hallowell; ;Straat;209;Hugh Hallowell Straat;1097;FQ;1097FQ;6420;6;12;9;9;2;15;8
436160400;844742658300;EENMANSZAAK;Lynne Valentine;17/06/2015;Luciano Stringfellow; ;Steeg;295;Luciano Stringfellow Steeg;1092;UV;1092UV;6420;5;1;9;9;2;14;12
148199851;309470426479;MAATSCHAP;Hung Thomas;07/09/2015;Reed Grimaldi; ;Boulevard;333;Reed Grimaldi Boulevard;1091;DH;1091DH;6420;6;6;0;14;12;8;8
261871461;397461288943;MAATSCHAP;Darin Graham;22/04/2016;Numbers Heuer; ;Boulevard;365;Numbers Heuer Boulevard;1079;XK;1079XK;66193;13;3;12;5;2;11;0
175574813;373447353666;MAATSCHAP;Anastasia Freeman;20/03/2017;Benny Rocha; ;Laan;324;Benny Rocha Laan;1075;HS;1075HS;64303;14;7;13;7;3;1;12
604740495;449710999372;EENMANSZAAK;Kathleen Vaughan;05/11/2017;Gerardo Durling; ;Steeg;129;Gerardo Durling Steeg;1054;NN;1054NN;4311;14;12;2;2;11;7;8
228131359;367592984171;BV;Numbers Henderson;02/12/2019;Emory Western; ;Laan;127;Emory Western Laan;1058;FL;1058FL;6420;10;7;12;7;13;3;4
889225514;915137741475;BV;Vito Floyd;21/05/2000;Mason Mort; ;Straat;349;Mason Mort Straat;1062;PC;1062PC;6420;13;3;6;12;2;10;8
679250175;290251254135;VOF;Florine Collier;28/10/2000;Van Haskett; ;Steeg;288;Van Haskett Steeg;1066;RD;1066RD;5010;8;15;8;9;8;6;13
519419049;626713514552;MAATSCHAP;Everett York;09/11/2000;Marcel Salvo; ;Weg;26;Marcel Salvo Weg;1069;TF;1069TF;6420;3;11;2;15;0;15;7
34240261;472655364665;CV;Alfredo Ashley;03/12/2000;Enrique Hur; ;Laan;14;Enrique Hur Laan;1068;TT;1068TT;6420;0;11;4;13;15;12;7
445874570;146416901589;EENMANSZAAK;Nicholas Shepherd;15/07/2002;Rick Sabado; ;Steeg;159;Rick Sabado Steeg;1065;XO;1065XO;85592;7;2;4;5;13;6;2
559485430;493184463945;NV;Cyril Farrell;10/05/2003;Edward Rawson; ;Steeg;33;Edward Rawson Steeg;1064;JZ;1064JZ;7430;2;1;5;11;3;13;13
735257536;602403015389;BV;Wanda Wall;01/10/2003;Rene Mccullen; ;Laan;214;Rene Mccullen Laan;1061;CS;1061CS;6420;3;14;11;3;10;10;12
362339429;655403287962;BV;Lou Hays;26/07/2004;Avery Pizana; ;Steeg;15;Avery Pizana Steeg;1063;BK;1063BK;6420;8;8;10;6;12;15;3
405491891;905649405975;CV;Jaime Lyons;24/07/2006;Austin Mallon; ;Boulevard;316;Austin Mallon Boulevard;1067;AF;1067AF;6420;9;13;7;12;9;14;2
374046611;244973003235;CV;Elroy Hurst;27/02/2007;Kevin Weimar; ;Laan;364;Kevin Weimar Laan;1011;SI;1011SI;5811;12;0;13;2;10;10;15
736499013;77465628613;CV;Monte Kane;07/11/2007;Donnie Nowack; ;Straat;371;Donnie Nowack Straat;1083;KK;1083KK;55101;12;11;2;3;12;8;11
501583503;658718130336;EENMANSZAAK;Letha Schneider;25/09/2008;Wallace Larrison; ;Laan;147;Wallace Larrison Laan;1082;MS;1082MS;6420;6;7;0;5;8;3;3
573693237;368642142113;NV;Justin Lara;19/04/2011;Albert Montanez; ;Boulevard;369;Albert Montanez Boulevard;1078;VL;1078VL;2611;14;13;10;4;9;14;2
780196050;961254358717;MAATSCHAP;Caleb Bell;27/04/2011;Herbert Zirkle; ;Boulevard;348;Herbert Zirkle Boulevard;1096;PY;1096PY;46462;10;4;6;9;0;6;7
963016586;52423673275;BV;Kitty Stark;24/10/2011;Riley Meany; ;Straat;345;Riley Meany Straat;1015;JN;1015JN;70102;7;5;13;2;13;12;5
94231267;425569485663;CV;Isabelle Mcdonald;23/10/2014;Lynn Saliba; ;Straat;43;Lynn Saliba Straat;1053;MI;1053MI;6420;14;15;5;9;5;13;14
970427285;717910866399;NV;Ty Morrison;25/01/2015;Leon Diangelo; ;Laan;175;Leon Diangelo Laan;1052;MI;1052MI;6420;8;12;3;4;6;7;9
243337377;270448162233;VOF;Jillian Stephens;27/10/2016;Gail Lastrapes; ;Laan;348;Gail Lastrapes Laan;1055;QH;1055QH;64922;5;3;13;11;11;13;2
297748629;619216611815;BV;Chauncey Downs;05/01/2017;Karl Jenkin; ;Straat;228;Karl Jenkin Straat;1057;SQ;1057SQ;53202;5;7;15;12;4;7;7
775790417;54926494935;EENMANSZAAK;Ralph Howard;15/08/2017;Landon Soni; ;Weg;236;Landon Soni Weg;1021;BZ;1021BZ;6612;0;12;11;2;5;9;13
195189682;419771192589;CV;Hilton Mccoy;19/09/2017;Enoch Roa; ;Weg;269;Enoch Roa Weg;1024;TO;1024TO;56102;8;11;1;11;2;0;15
912719264;51667500410;NV;Mickey Krause;19/06/2018;Ashley Ng; ;Steeg;75;Ashley Ng Steeg;1018;MB;1018MB;6420;5;2;7;0;0;3;8
133946058;107863365586;NV;Wilford Sanchez;19/11/2018;Sal Nitti; ;Steeg;69;Sal Nitti Steeg;1102;RR;1102RR;6420;2;13;11;2;7;6;10
182739126;971194616531;EENMANSZAAK;Aida Reilly;28/04/2000;Mauro Dolly; ;Steeg;393;Mauro Dolly Steeg;1101;VL;1101VL;9003;12;4;4;4;4;10;4
128327747;166578267512;BV;Isaias Mccullough;18/06/2000;Zachariah Sinner; ;Steeg;214;Zachariah Sinner Steeg;1107;BR;1107BR;69101;12;6;11;2;8;8;14
304283531;661273536879;BV;Anderson Richardson;09/05/2001;Nathaniel Keely; ;Boulevard;67;Nathaniel Keely Boulevard;1106;RT;1106RT;4321;8;15;5;7;0;9;3
305519835;154649811088;VOF;Kathryn Doyle;12/06/2001;Ellamae Pricer; ;Straat;304;Ellamae Pricer Straat;1104;RM;1104RM;6420;10;0;1;0;9;8;14
140729207;760993039261;CV;Joanne Frederick;31/01/2002;Qiana Leitch; ;Weg;313;Qiana Leitch Weg;1103;ST;1103ST;6420;13;12;1;3;6;9;5
13740827;922101263557;MAATSCHAP;Alan Roberson;27/04/2003;Nyla Severin; ;Weg;272;Nyla Severin Weg;1108;XG;1108XG;6420;4;6;10;8;10;12;13
233321322;823540208885;MAATSCHAP;Kellie Duarte;21/09/2003;Halley Masone; ;Steeg;77;Halley Masone Steeg;1109;XT;1109XT;6420;13;0;5;12;5;12;0
414010205;694318003668;VOF;Francisca Wang;21/02/2005;Johnette Barstow; ;Laan;95;Johnette Barstow Laan;1031;YH;1031YH;6420;14;11;1;14;12;12;8
386230133;659229969456;CV;Nelson Mendoza;19/09/2005;Joie Kinghorn; ;Weg;241;Joie Kinghorn Weg;1081;RH;1081RH;6420;12;8;7;2;9;6;14
701161112;625233378935;CV;Jayson Crawford;24/01/2006;Magan Wheeling; ;Straat;395;Magan Wheeling Straat;1059;JU;1059JU;69101;0;8;7;14;5;12;11
794912231;372542779694;VOF;Bettye Levine;25/04/2007;Larita Bame; ;Weg;386;Larita Bame Weg;1060;DR;1060DR;47783;11;7;9;3;4;12;8
160102762;310774408686;EENMANSZAAK;Gwendolyn Carlson;07/06/2007;Lola Wojciechowski; ;Weg;8;Lola Wojciechowski Weg;1071;DJ;1071DJ;74201;6;14;12;15;0;2;13
356187429;444869921169;MAATSCHAP;Jonathon Patterson;18/07/2007;Katy Meares; ;Laan;292;Katy Meares Laan;1077;GP;1077GP;6420;9;5;3;15;6;15;10
968374790;595115142971;MAATSCHAP;Letitia Crosby;19/04/2008;Mikaela Piercy; ;Steeg;11;Mikaela Piercy Steeg;1076;NB;1076NB;45111;4;8;1;10;8;11;1
702991261;758210679345;MAATSCHAP;Jeanne Nelson;24/02/2009;Tiffanie Goldston; ;Laan;94;Tiffanie Goldston Laan;1077;YQ;1077YQ;6420;6;9;8;9;10;11;8
781623428;907502734133;CV;Carrie Fleming;20/05/2010;Classie Monte; ;Weg;199;Classie Monte Weg;1043;GB;1043GB;6420;10;5;2;10;10;10;5
918924041;136907701039;NV;Michele Parks;18/02/2012;Asuncion Lablanc; ;Weg;197;Asuncion Lablanc Weg;1046;XF;1046XF;4614;14;0;5;4;8;13;2
741507127;27058339538;EENMANSZAAK;Bob Galvan;10/09/2014;Reina Baillargeon; ;Straat;297;Reina Baillargeon Straat;1045;JO;1045JO;47911;12;13;14;15;14;9;12
414167194;515105205698;CV;Dixie Cummings;07/05/2015;Shenita Ellerbee; ;Steeg;278;Shenita Ellerbee Steeg;1047;VO;1047VO;68204;12;10;12;12;12;2;9
34900173;39241857468;VOF;Deana Mendez;08/04/2017;Margherita Barrera; ;Steeg;250;Margherita Barrera Steeg;1032;AB;1032AB;70221;3;15;11;3;0;14;14
453338395;63633871083;MAATSCHAP;Herschel Andrade;02/09/2017;Alexandra Izzard; ;Steeg;263;Alexandra Izzard Steeg;1023;FT;1023FT;45311;2;4;15;10;10;10;7
445590622;135380413808;NV;Miriam Duffy;23/09/2017;Kamala Burse; ;Weg;275;Kamala Burse Weg;1025;LK;1025LK;6420;9;10;4;9;3;8;2
878233182;600669344493;BV;Lance Burke;16/08/2019;Marylee Sloat; ;Weg;151;Marylee Sloat Weg;1028;TD;1028TD;6420;5;10;4;3;7;12;4
486547938;455200292121;CV;Charlene Haney;18/12/2019;Kori Bourgoin; ;Straat;218;Kori Bourgoin Straat;1026;GZ;1026GZ;64923;12;9;12;2;13;9;7
205923039;670606050119;EENMANSZAAK;Rigoberto Glenn;29/11/2000;Tabetha Oconnell; ;Steeg;229;Tabetha Oconnell Steeg;1027;UL;1027UL;96021;6;12;1;9;2;14;11
488223219;370605410068;NV;Chase Henry;22/12/2001;Leonora Ribera; ;Boulevard;40;Leonora Ribera Boulevard;1035;JY;1035JY;68204;8;10;14;6;9;13;3
457358627;232035971286;EENMANSZAAK;Elbert Hicks;08/03/2002;Lindy Dark; ;Weg;82;Lindy Dark Weg;1034;IU;1034IU;6420;15;5;4;6;9;8;2
687110978;152749807871;CV;Tammie Pope;11/06/2002;Madeline Schlanger; ;Straat;122;Madeline Schlanger Straat;1095;AC;1095AC;70102;6;13;3;15;10;13;9
38790681;680385434217;NV;Tisha Brennan;06/08/2003;Wai Pagani; ;Straat;163;Wai Pagani Straat;1086;KZ;1086KZ;6420;2;7;9;2;2;13;9
79978429;551852705163;NV;Modesto Mahoney;12/05/2005;Rebekah Barahona; ;Weg;342;Rebekah Barahona Weg;1087;LV;1087LV;6420;1;9;8;14;3;11;9
271423738;48185966556;NV;Forest Koch;17/06/2005;Bettina Wilkes; ;Laan;265;Bettina Wilkes Laan;1022;EV;1022EV;6810;7;12;15;5;10;10;2
355549936;235652654082;CV;Anton Austin;19/04/2006;Season Obryan; ;Boulevard;62;Season Obryan Boulevard;1036;GV;1036GV;5811;5;5;7;5;8;15;12
259564625;544447151665;VOF;Darwin Buckley;22/05/2007;Shantell Janke; ;Straat;272;Shantell Janke Straat;1033;TE;1033TE;6832;10;5;5;12;6;7;13
215953818;270156019418;MAATSCHAP;Bobbi Hoover;28/02/2008;Arlette Eyman; ;Boulevard;139;Arlette Eyman Boulevard;1042;VO;1042VO;6420;6;9;13;2;6;7;2
195683274;953439382073;MAATSCHAP;Tommie Mccall;07/11/2008;Narcisa Dykes; ;Straat;175;Narcisa Dykes Straat;1044;XJ;1044XJ;6420;11;5;0;9;4;6;11
602916433;241793698096;BV;Noe Molina;07/06/2009;Ronda Kohut; ;Steeg;200;Ronda Kohut Steeg;1073;PG;1073PG;6420;3;5;13;7;9;1;0
450981719;543357999492;EENMANSZAAK;Dana Castro;01/07/2011;Annice Olguin; ;Steeg;15;Annice Olguin Steeg;1041;HF;1041HF;64303;3;5;9;11;9;13;5
218095287;306288238889;MAATSCHAP;Clement Chambers;11/01/2012;Deirdre Klos; ;Boulevard;377;Deirdre Klos Boulevard;1073;GU;1073GU;70221;5;6;2;4;15;6;10
428999920;745680747360;NV;Therese Bullock;11/08/2012;Valene Ansell; ;Laan;398;Valene Ansell Laan;1074;UH;1074UH;5814;1;10;15;10;14;1;10
38123408;331769066110;NV;Malcom Peterson;08/02/2013;Erminia Marcell; ;Laan;272;Erminia Marcell Laan;1072;FS;1072FS;6420;7;2;4;3;13;15;15
574817057;815276292501;NV;Crystal Lam;02/08/2013;Andera Parkes; ;Boulevard;375;Andera Parkes Boulevard;1017;HC;1017HC;64302;2;7;3;11;13;4;1
618008615;793023027175;MAATSCHAP;Mack Vazquez;20/08/2015;Nicholle Simo; ;Laan;108;Nicholle Simo Laan;1019;RT;1019RT;6420;9;6;1;12;7;5;6
49966097;521775676936;CV;Ignacio Fernandez;13/05/2016;Dawne Bevington; ;Straat;236;Dawne Bevington Straat;1012;PC;1012PC;6420;10;7;0;14;10;3;14
76109469;886095484848;CV;Roderick Benton;01/08/2016;Yolande Slonaker; ;Weg;160;Yolande Slonaker Weg;1016;LF;1016LF;6810;9;4;13;0;1;5;14
897215602;958326765366;MAATSCHAP;Heriberto Anderson;11/03/2018;Eloisa Vasquez; ;Steeg;330;Eloisa Vasquez Steeg;1013;WH;1013WH;6810;14;14;12;8;2;9;14
724541701;9785304316;NV;Laverne Ward;11/05/2018;Glinda Condie; ;Straat;288;Glinda Condie Straat;1014;XU;1014XU;6420;11;11;8;1;7;3;2
162465865;72672116249;VOF;Angel Calderon;25/11/2018;Nola Ehlert; ;Laan;7;Nola Ehlert Laan;1051;VX;1051VX;6810;14;14;10;4;4;8;2
102291887;639030182524;BV;Burl Neal;01/04/2019;Molly Lenser; ;Straat;275;Molly Lenser Straat;1056;OI;1056OI;6420;7;10;7;6;14;7;7
145011435;636714944590;BV;Christine Ellison;29/11/2000;Nakita Mckeithan; ;Laan;156;Nakita Mckeithan Laan;1093;ET;1093ET;6832;7;10;5;14;7;4;5
343911576;232993034089;EENMANSZAAK;Humberto Wu;22/12/2001;Natalie Barron; ;Laan;227;Natalie Barron Laan;1094;SO;1094SO;2444;5;10;1;15;7;4;13
889370992;988047051087;CV;Rupert Ritter;08/03/2002;Jaimee Kavanagh; ;Boulevard;222;Jaimee Kavanagh Boulevard;1098;NO;1098NO;6420;5;15;14;14;1;9;14
228608787;575128833032;VOF;Fanny Vang;11/06/2002;Alejandra Brouillard; ;Steeg;312;Alejandra Brouillard Steeg;1097;TQ;1097TQ;6420;14;14;13;9;15;4;0
622891220;302640806180;EENMANSZAAK;Tim Leblanc;06/08/2003;Claris Popham; ;Straat;176;Claris Popham Straat;1092;KJ;1092KJ;6420;14;1;6;12;15;3;1
250110852;558442346947;BV;Mayra Gibbs;12/05/2005;Randal Kristensen; ;Laan;242;Randal Kristensen Laan;1091;UV;1091UV;70222;2;5;12;15;6;11;10
38019161;391356784676;NV;Deann Mckenzie;17/06/2005;Gala Nieman; ;Boulevard;238;Gala Nieman Boulevard;1079;DC;1079DC;64301;10;13;4;9;3;2;12
309438470;207179650577;MAATSCHAP;Amie Middleton;19/04/2006;Mitsuko Deramus; ;Straat;298;Mitsuko Deramus Straat;1075;LT;1075LT;6202;5;11;11;13;8;9;11
631449568;683509588176;NV;Erna Edwards;22/05/2007;Jayson Tagg; ;Steeg;374;Jayson Tagg Steeg;1054;OD;1054OD;6420;9;12;9;3;2;13;15
846379424;357201665876;CV;Abby Yates;28/02/2008;Dion Bailon; ;Straat;279;Dion Bailon Straat;1058;BZ;1058BZ;70102;11;10;15;2;15;9;10
6673153;810287979847;EENMANSZAAK;Dana Stokes;07/11/2008;Kasie Smyers; ;Laan;300;Kasie Smyers Laan;1062;TA;1062TA;6420;14;13;14;11;12;7;0
198235025;613685969736;MAATSCHAP;Dustin Acevedo;07/06/2009;Zena Bohner; ;Weg;106;Zena Bohner Weg;1066;LB;1066LB;46461;3;9;13;12;4;1;13
960200044;273023854739;BV;Zachariah Hickman;01/07/2011;Eliza Troxel; ;Boulevard;311;Eliza Troxel Boulevard;1069;OX;1069OX;6420;11;15;3;12;6;9;14
64254860;619648966180;VOF;Adalberto Boyd;11/01/2012;Shenna Saltzman; ;Boulevard;218;Shenna Saltzman Boulevard;1068;MX;1068MX;69202;7;7;10;13;8;0;9
85161797;369928779994;BV;Emil Villa;11/08/2012;Marlen Zulauf; ;Laan;195;Marlen Zulauf Laan;1065;GM;1065GM;6810;1;7;10;7;10;6;8
960374228;201982850048;NV;Efrain Bolton;08/02/2013;Ching Hamburg; ;Weg;156;Ching Hamburg Weg;1064;NL;1064NL;64301;14;10;3;4;9;6;14
361895410;287155406792;VOF;Rachael Dalton;02/08/2013;Damian Hane; ;Laan;391;Damian Hane Laan;1061;XV;1061XV;64301;12;8;13;13;8;2;0
304311501;633115273037;CV;Silas Parsons;20/08/2015;Madelene Fulkerson; ;Straat;233;Madelene Fulkerson Straat;1063;QL;1063QL;70102;11;0;9;15;14;10;10
708374219;187517268382;CV;Royal Hatfield;13/05/2016;Donita Morgenstern; ;Weg;366;Donita Morgenstern Weg;1067;BY;1067BY;64303;3;5;3;7;8;14;0
581345727;72198331547;MAATSCHAP;Alfred Walsh;01/08/2016;Maribel Mailhot; ;Boulevard;257;Maribel Mailhot Boulevard;1011;VP;1011VP;46496;5;15;1;8;13;0;15
61183235;518777448080;EENMANSZAAK;Dorsey Burgess;11/03/2018;Bruna Turcotte; ;Boulevard;181;Bruna Turcotte Boulevard;1083;AO;1083AO;1813;0;13;7;0;5;7;6
501503957;237500031699;VOF;Chad Escobar;11/05/2018;Fallon Mees; ;Steeg;96;Fallon Mees Steeg;1082;TB;1082TB;68204;6;8;14;11;9;8;11
690614014;765009103265;VOF;Larry Sandoval;25/11/2018;Sharen Hinckley; ;Laan;23;Sharen Hinckley Laan;1078;VD;1078VD;70221;4;1;11;7;14;2;6
408193510;354133683117;CV;Erik Hebert;01/04/2019;Elke Sisneros; ;Laan;167;Elke Sisneros Laan;1096;CA;1096CA;6420;15;4;7;4;0;4;1
344236076;405159115223;BV;Micheal Alexander;13/01/2000;Janett Siddall; ;Steeg;337;Janett Siddall Steeg;1015;DA;1015DA;64303;7;12;0;6;2;15;14
103648920;58532262184;CV;Blake Bryant;22/03/2000;Antoinette Zink; ;Laan;281;Antoinette Zink Laan;1053;AJ;1053AJ;6420;4;9;6;8;12;1;9
613537534;184821399895;BV;Etta Schaefer;29/09/2001;Chadwick Vassell; ;Boulevard;62;Chadwick Vassell Boulevard;1052;HE;1052HE;6420;2;8;1;11;10;2;13
244007197;205917368229;BV;Joaquin Smith;19/12/2001;Abraham Quinley; ;Straat;320;Abraham Quinley Straat;1055;HN;1055HN;220;6;9;3;9;3;7;11
446622349;441855122790;MAATSCHAP;Hoyt Olsen;18/10/2003;Chantel Holmstrom; ;Boulevard;172;Chantel Holmstrom Boulevard;1057;BB;1057BB;74102;15;0;0;13;14;13;9
25619780;934534509942;EENMANSZAAK;Clare Allison;01/07/2004;Katharina Mcgregor; ;Steeg;175;Katharina Mcgregor Steeg;1021;MU;1021MU;5811;13;6;14;13;9;1;10
627142409;637174634840;MAATSCHAP;Jarrod Davidson;21/08/2005;Raleigh Garlitz; ;Straat;274;Raleigh Garlitz Straat;1024;SM;1024SM;70221;5;8;5;3;7;5;5
8655743;927197769976;VOF;Janine Vincent;25/01/2006;Lindsy Schank; ;Laan;96;Lindsy Schank Laan;1018;RW;1018RW;6420;10;13;5;9;2;14;4
129551829;133958270791;BV;Byron Barnett;02/02/2007;Adaline Stack; ;Steeg;376;Adaline Stack Steeg;1102;SG;1102SG;91022;9;10;4;3;1;11;5
957251529;800723077692;MAATSCHAP;Lamar Arroyo;23/11/2007;Josiah Strecker; ;Steeg;365;Josiah Strecker Steeg;1101;BI;1101BI;4614;0;3;15;3;10;7;5
559119147;677355440247;MAATSCHAP;Buster Black;04/02/2010;Suzy Switzer; ;Boulevard;11;Suzy Switzer Boulevard;1107;SQ;1107SQ;46424;4;15;9;12;2;11;8
323576707;728992087308;NV;Marietta Barrett;07/04/2010;Daine Demaio; ;Boulevard;195;Daine Demaio Boulevard;1106;PY;1106PY;64301;14;4;9;3;0;9;1
176096432;927115437893;BV;Sadie Hobbs;19/05/2010;Danna Dalessandro; ;Weg;222;Danna Dalessandro Weg;1104;DV;1104DV;68204;4;9;1;4;9;1;8
620188579;509026746047;MAATSCHAP;Rose Green;17/08/2010;Major Difiore; ;Steeg;72;Major Difiore Steeg;1103;IC;1103IC;6420;2;7;13;6;10;15;5
168837499;408838037258;EENMANSZAAK;Marcel Dudley;25/12/2010;Dann Walczak; ;Laan;257;Dann Walczak Laan;1108;MG;1108MG;70221;9;8;6;6;15;11;6
16870581;25768509365;VOF;Marylou Murillo;14/01/2011;Nedra Brueggeman; ;Steeg;277;Nedra Brueggeman Steeg;1109;GO;1109GO;3512;0;0;7;14;0;8;7
939271077;567999720269;NV;Maribel Gamble;04/09/2013;Sherita Rutter; ;Straat;37;Sherita Rutter Straat;1031;EN;1031EN;6420;10;0;5;2;15;9;4
482857055;918085752504;VOF;Porfirio Larson;07/11/2013;Loren Jaggers; ;Straat;33;Loren Jaggers Straat;1081;RX;1081RX;64303;7;1;13;15;3;5;7
867139141;519852161165;BV;Monroe Mcintosh;14/01/2015;Tereasa Dejulio; ;Boulevard;72;Tereasa Dejulio Boulevard;1059;LV;1059LV;6420;8;7;12;7;5;14;12
217498727;623478167484;NV;Titus Yu;20/07/2016;Emerita Shumake; ;Weg;7;Emerita Shumake Weg;1060;JB;1060JB;6420;2;5;5;5;9;0;13
170901507;323672924346;VOF;Willy Wilkinson;27/05/2017;Margarett Sparano; ;Boulevard;14;Margarett Sparano Boulevard;1071;IM;1071IM;4120;6;2;8;1;14;1;7
625773636;465782371578;NV;Timothy Schroeder;17/10/2017;Tomi Berti; ;Boulevard;41;Tomi Berti Boulevard;1077;CN;1077CN;3212;2;15;4;12;7;9;0
68874669;68698311442;CV;Luisa Kramer;01/07/2018;Jacki Ocasio; ;Weg;60;Jacki Ocasio Weg;1076;HQ;1076HQ;69203;7;5;11;11;8;7;7
390404203;474629535883;EENMANSZAAK;Brandi Boone;25/01/2019;Shyla Mcgillis; ;Weg;140;Shyla Mcgillis Weg;1077;NW;1077NW;68204;7;6;7;1;7;10;5
949252066;551607357864;MAATSCHAP;Jody Vasquez;31/01/2000;Sherwood Schlagel; ;Weg;361;Sherwood Schlagel Weg;1043;VC;1043VC;70102;2;15;15;6;14;11;3
273168015;410019589704;CV;Sylvia Wise;02/08/2000;Jaimie Ricker; ;Straat;103;Jaimie Ricker Straat;1046;NA;1046NA;5030;1;8;6;4;0;9;2
245653692;775692598578;BV;Consuelo Santana;01/10/2000;Karyn Crownover; ;Laan;356;Karyn Crownover Laan;1045;QG;1045QG;70221;3;1;13;0;5;4;4
891635730;940950437693;NV;Leonor Alvarado;23/10/2002;Bernice Todd; ;Boulevard;203;Bernice Todd Boulevard;1047;LH;1047LH;6420;13;10;5;3;15;12;15
865552547;406405254492;BV;Francis Cohen;01/06/2003;Kennith Buras; ;Weg;213;Kennith Buras Weg;1032;BG;1032BG;6420;8;10;14;15;0;8;6
887501222;368811938217;NV;Wilson Ware;08/09/2004;Kermit Turco; ;Straat;18;Kermit Turco Straat;1023;FY;1023FY;6420;15;9;15;6;6;1;11
688198155;985307787714;EENMANSZAAK;Robby Lee;10/09/2004;Dale Minott; ;Weg;102;Dale Minott Weg;1025;SP;1025SP;7320;14;2;7;3;15;11;6
488779685;671847586362;NV;Mandy Baxter;03/12/2005;Kristyn Derrow; ;Weg;375;Kristyn Derrow Weg;1028;OC;1028OC;4775;10;1;11;6;8;9;15
865046032;937411870911;NV;Arden Patel;27/04/2008;Cori Harren; ;Straat;186;Cori Harren Straat;1026;QR;1026QR;4775;7;10;15;11;15;4;10
39667089;210995250395;NV;Celina Robles;19/02/2010;Gail Saver; ;Steeg;334;Gail Saver Steeg;1027;XH;1027XH;4775;11;6;3;15;12;3;9
739432384;9015900881;BV;Kristin Berger;20/03/2010;Vannesa Lazaro; ;Weg;307;Vannesa Lazaro Weg;1035;PG;1035PG;2332;0;5;5;6;8;13;15
70964651;302321371232;VOF;Rex Braun;04/04/2012;Taunya Dardar; ;Boulevard;120;Taunya Dardar Boulevard;1034;FN;1034FN;46734;12;6;10;14;10;11;11
616739415;26471649261;CV;Rayford Avila;26/10/2012;Noelle Dauer; ;Steeg;100;Noelle Dauer Steeg;1095;NB;1095NB;6612;2;4;1;13;13;15;4
790779503;841927124264;EENMANSZAAK;Yong Rosario;02/10/2013;Lanell Almaraz; ;Boulevard;167;Lanell Almaraz Boulevard;1086;JO;1086JO;6420;13;13;6;1;3;9;12
111110484;612677610287;VOF;Forrest Cannon;21/11/2013;Kendrick Dungan; ;Steeg;395;Kendrick Dungan Steeg;1087;WH;1087WH;6420;12;0;6;6;5;3;8
1847128;270928031785;VOF;Ken Christian;09/01/2014;Delena Janzen; ;Steeg;320;Delena Janzen Steeg;1022;PC;1022PC;6420;13;10;5;10;11;15;10
177005671;431078758019;BV;Mitzi Rice;06/07/2014;Caroyln Ahearn; ;Steeg;117;Caroyln Ahearn Steeg;1036;YP;1036YP;6420;3;6;15;14;6;3;6
649306004;3231068992;CV;Krystal Banks;09/07/2015;Janet Bracero; ;Weg;288;Janet Bracero Weg;1033;CA;1033CA;6202;3;10;15;8;10;15;13
910327480;124789529237;MAATSCHAP;Karina Kline;20/09/2016;Geneva Bruckner; ;Weg;159;Geneva Bruckner Weg;1042;ZJ;1042ZJ;6420;2;0;15;1;9;12;9
895712455;604883733191;EENMANSZAAK;Troy Blake;30/10/2016;Georgetta Jewell; ;Weg;3;Georgetta Jewell Weg;1044;NT;1044NT;64303;7;11;10;12;11;6;7
564196420;427301467077;MAATSCHAP;Deandre Willis;07/12/2016;Carole Preusser; ;Laan;183;Carole Preusser Laan;1073;RZ;1073RZ;70102;0;13;2;13;15;8;13
190785082;256599913976;CV;Dawn Rivas;28/04/2017;Grace Buice; ;Laan;65;Grace Buice Laan;1041;ZL;1041ZL;6420;13;15;6;5;13;5;12
980997605;892457340224;CV;Keenan Wolfe;14/06/2019;Lula Warner; ;Laan;168;Lula Warner Laan;1073;EC;1073EC;6420;2;3;10;5;15;14;1
144737712;38567146328;EENMANSZAAK;Freddie Pena;27/09/2019;Ashleigh Bryson; ;Steeg;217;Ashleigh Bryson Steeg;1074;NS;1074NS;5222;5;0;8;5;2;15;13
648135362;78559038104;VOF;Dick Bond;06/11/2000;Kirk Falk; ;Steeg;262;Kirk Falk Steeg;1072;MR;1072MR;74103;14;6;3;11;3;8;15
233556596;222777741386;VOF;Herb Blevins;31/05/2002;Eartha Rients; ;Boulevard;270;Eartha Rients Boulevard;1017;HM;1017HM;7311;2;12;0;3;12;4;10
758653087;51311150297;EENMANSZAAK;Osvaldo Waters;26/06/2003;Mia Streich; ;Straat;378;Mia Streich Straat;1019;WW;1019WW;6420;10;15;15;3;2;7;1
58487649;127028236459;VOF;Helga Park;03/07/2003;Jacqualine Cliff; ;Straat;83;Jacqualine Cliff Straat;1012;BE;1012BE;70102;9;8;2;4;10;15;0
857404481;328325328263;MAATSCHAP;Kimberly Wallace;23/10/2003;Jina Games; ;Laan;112;Jina Games Laan;1016;UX;1016UX;64302;0;14;1;9;12;4;7
974963208;483938820388;BV;Agustin Vargas;27/11/2003;Diann Winter; ;Boulevard;280;Diann Winter Boulevard;1013;UD;1013UD;70221;15;5;7;15;6;3;11
227149855;924603314772;VOF;Emery Morton;27/04/2004;Cristopher Corlett; ;Boulevard;301;Cristopher Corlett Boulevard;1014;AA;1014AA;69203;5;4;7;15;14;4;9
232265588;218246177099;CV;Barton Wilcox;27/08/2004;Lorretta Cloninger; ;Straat;145;Lorretta Cloninger Straat;1051;SW;1051SW;6420;14;7;4;12;8;10;11
931472055;729505346004;CV;Herminia Burnett;04/05/2005;Fay Kam; ;Steeg;282;Fay Kam Steeg;1056;WS;1056WS;6420;2;5;13;1;4;15;7
280780860;824197933020;VOF;Roxanne Francis;09/09/2005;Marilu Pyle; ;Straat;283;Marilu Pyle Straat;1093;QY;1093QY;18123;12;7;2;3;6;15;0
246094893;599900238996;MAATSCHAP;Mia Sanders;22/02/2006;Deetta Scully; ;Weg;348;Deetta Scully Weg;1094;WM;1094WM;1814;9;0;7;8;12;3;1
860067205;250482326115;NV;Ola Ewing;10/01/2008;Chris Exline; ;Steeg;91;Chris Exline Steeg;1098;AK;1098AK;7312;8;15;12;9;9;9;10
406576340;275769546199;MAATSCHAP;Nathaniel Ortega;10/05/2008;Karan Brosnahan; ;Straat;306;Karan Brosnahan Straat;1097;DK;1097DK;70102;3;3;12;6;0;14;8
394232847;322089234809;NV;Hope Lester;07/06/2008;Jessica Hemmingway; ;Straat;339;Jessica Hemmingway Straat;1092;OB;1092OB;4665;0;12;0;2;8;15;6
654230555;136894967361;CV;Sylvester Hood;12/02/2009;Erline Bent; ;Steeg;350;Erline Bent Steeg;1091;XJ;1091XJ;6420;14;8;1;2;3;10;6
590753594;42658863393;BV;Harley Stafford;19/05/2009;Tenisha Griffen; ;Straat;198;Tenisha Griffen Straat;1079;CV;1079CV;6420;4;5;3;3;11;11;11
659644197;831254242536;NV;Lowell Gutierrez;29/08/2011;Katie Pressley; ;Straat;359;Katie Pressley Straat;1075;LB;1075LB;6420;15;15;10;2;2;14;7
631067826;109137269593;VOF;Lorraine Sosa;25/11/2012;Theressa Arterburn; ;Straat;300;Theressa Arterburn Straat;1054;ZQ;1054ZQ;6420;7;15;2;1;8;4;10
546562374;670214938316;VOF;Kayla Barry;26/07/2015;Tiara Langdon; ;Boulevard;206;Tiara Langdon Boulevard;1058;TA;1058TA;68204;6;15;3;14;9;1;10
984523634;136169144288;CV;Brain Morales;03/11/2016;Brice Ketcher; ;Laan;379;Brice Ketcher Laan;1062;GV;1062GV;6420;1;12;3;6;8;15;3
428977382;182395178813;CV;Reuben Bowen;20/04/2017;Kennith Parikh; ;Weg;57;Kennith Parikh Weg;1066;GN;1066GN;68204;15;11;11;3;11;15;13
372803188;650080760011;EENMANSZAAK;Leonel Blankenship;07/06/2017;Tama Mancil; ;Steeg;262;Tama Mancil Steeg;1069;NO;1069NO;6420;1;13;0;14;1;10;7
152876148;815004389963;EENMANSZAAK;Damon Vance;07/12/2017;Gerry Greathouse; ;Straat;41;Gerry Greathouse Straat;1068;ZA;1068ZA;6420;5;12;13;1;11;5;9
204905426;195111903939;VOF;Nestor Turner;06/08/2019;Cheyenne Darling; ;Straat;288;Cheyenne Darling Straat;1065;KW;1065KW;6420;15;7;10;11;5;8;12
232191938;351358499676;EENMANSZAAK;Penelope Hinton;02/01/2000;Silvana Bernett; ;Weg;348;Silvana Bernett Weg;1064;MR;1064MR;5920;1;2;11;13;4;14;2
947148798;306071895340;CV;Bryce Esparza;20/08/2000;Magdalen Laursen; ;Boulevard;327;Magdalen Laursen Boulevard;1061;HV;1061HV;6420;3;8;7;15;5;13;14
541617305;643221342474;BV;Tina Huynh;09/06/2001;Mohammed Grignon; ;Weg;86;Mohammed Grignon Weg;1063;WC;1063WC;7490;3;1;4;10;6;5;2
550323957;751414318882;EENMANSZAAK;Jude Roth;12/12/2001;Star Abila; ;Boulevard;266;Star Abila Boulevard;1067;YJ;1067YJ;68204;10;4;6;3;5;3;1
236240414;30975507151;EENMANSZAAK;Elvia Patrick;23/06/2002;Dierdre Boxx; ;Weg;239;Dierdre Boxx Weg;1011;ON;1011ON;6420;7;13;0;0;6;14;1
858898689;973514347589;VOF;Dean Pacheco;10/10/2002;Leia Max; ;Laan;57;Leia Max Laan;1083;QM;1083QM;64301;12;4;8;10;9;8;2
432209555;261905162526;EENMANSZAAK;Magdalena Leonard;06/05/2004;Phylicia Hershey; ;Boulevard;126;Phylicia Hershey Boulevard;1082;QO;1082QO;6420;3;4;1;13;5;10;8
509933974;574291725265;EENMANSZAAK;Elvira Hill;15/03/2005;Arnold Hallinan; ;Straat;193;Arnold Hallinan Straat;1078;FZ;1078FZ;6420;15;15;12;7;1;15;8
156736703;623148239942;MAATSCHAP;Harris Hartman;13/05/2008;Margarete Maury; ;Straat;58;Margarete Maury Straat;1096;IE;1096IE;6612;15;6;13;6;6;8;3
739298593;506442612568;VOF;Lakisha Forbes;18/04/2009;Filomena Treadaway; ;Straat;148;Filomena Treadaway Straat;1015;RU;1015RU;70221;13;6;5;14;11;6;11
134381856;407922323001;MAATSCHAP;Hilda Colon;03/05/2009;Mary Sayler; ;Weg;228;Mary Sayler Weg;1053;BN;1053BN;8553;8;6;14;6;4;11;3
436345689;203101975009;EENMANSZAAK;Raquel Munoz;09/08/2009;Jamey Soderman; ;Weg;306;Jamey Soderman Weg;1052;MT;1052MT;56101;8;10;11;8;7;5;6
910462098;4417580876;VOF;Bradley Holder;17/09/2009;Lanell Claywell; ;Weg;162;Lanell Claywell Weg;1055;AZ;1055AZ;6420;9;9;13;9;7;11;15
532393343;697794854868;BV;Louise Morgan;12/01/2011;Hattie Heth; ;Laan;90;Hattie Heth Laan;1057;MY;1057MY;6420;15;15;1;6;11;4;11
240805430;864177040162;MAATSCHAP;Kate Reese;18/09/2012;Mollie Mott; ;Boulevard;86;Mollie Mott Boulevard;1021;RU;1021RU;6420;6;12;9;7;9;9;7
606161377;120284729322;VOF;Nickolas Gray;18/02/2013;Isaiah Holen; ;Boulevard;304;Isaiah Holen Boulevard;1024;HX;1024HX;6420;9;0;2;1;15;13;2
171455028;637818739153;CV;Diane Ellis;23/01/2015;Criselda Rodenberger; ;Steeg;242;Criselda Rodenberger Steeg;1018;TE;1018TE;6420;2;11;10;11;10;10;4
865011321;116556957517;MAATSCHAP;Ronny Sexton;10/03/2016;Natisha Johson; ;Straat;254;Natisha Johson Straat;1102;MP;1102MP;68204;15;9;15;13;14;5;9
199882837;439226485293;EENMANSZAAK;Eddie Pennington;01/04/2016;Marvin Elliot; ;Weg;296;Marvin Elliot Weg;1101;LL;1101LL;6420;4;3;5;7;12;12;5
694672629;18627215823;EENMANSZAAK;Adrian Villarreal;10/05/2017;Brynn Moberg; ;Laan;238;Brynn Moberg Laan;1107;GJ;1107GJ;6420;13;12;10;9;4;4;15
70856638;629821638369;MAATSCHAP;Effie Knox;26/08/2017;Marian Corl; ;Laan;19;Marian Corl Laan;1106;CV;1106CV;71111;14;9;14;7;13;5;1
338741059;328028197412;BV;Mavis Stewart;15/02/2018;Pearlene Lucero; ;Straat;71;Pearlene Lucero Straat;1104;QH;1104QH;6810;7;9;6;4;1;3;5
278450729;204157921721;EENMANSZAAK;Toby Mckay;02/06/2018;Julian Waye; ;Straat;86;Julian Waye Straat;1103;VX;1103VX;6420;1;10;9;4;7;6;12
697380142;971037223556;BV;Sharlene Shannon;10/02/2019;Luciano Sansom; ;Boulevard;85;Luciano Sansom Boulevard;1108;VQ;1108VQ;90012;15;6;8;2;0;4;13
21845333;219747895650;BV;Lizzie Bartlett;14/03/2000;Darcel Abdallah; ;Boulevard;235;Darcel Abdallah Boulevard;1109;LL;1109LL;86221;5;9;15;13;11;6;12
665339245;398040252361;EENMANSZAAK;Leann Gillespie;16/03/2000;Jan Penley; ;Boulevard;231;Jan Penley Boulevard;1031;QN;1031QN;47999;9;9;5;9;6;3;5
543116348;419202353318;MAATSCHAP;Eula Howell;18/04/2000;Farah Saville; ;Laan;60;Farah Saville Laan;1081;YH;1081YH;69102;6;13;5;7;9;9;6
649047557;736978136991;VOF;Robyn Martin;25/10/2001;Danita Gleason; ;Boulevard;149;Danita Gleason Boulevard;1059;JC;1059JC;70102;6;14;3;15;3;9;8
549295143;822183253943;EENMANSZAAK;Willard Mccarthy;17/11/2001;Shakita Santibanez; ;Straat;105;Shakita Santibanez Straat;1060;ID;1060ID;6420;6;6;2;4;9;10;9
887296412;286692280185;BV;Karyn Andersen;16/06/2002;Ivory Krenz; ;Laan;55;Ivory Krenz Laan;1071;AY;1071AY;68204;14;10;3;5;2;7;13
892916982;642596274438;VOF;Ramon Lambert;24/06/2003;Lakeshia Lavoie; ;Boulevard;326;Lakeshia Lavoie Boulevard;1077;JU;1077JU;7112;12;9;14;4;3;1;1
75036892;10076753536;MAATSCHAP;Hosea Grimes;05/07/2003;Sang Boner; ;Weg;351;Sang Boner Weg;1076;NU;1076NU;47999;15;8;13;2;12;10;15
599653772;971552177628;MAATSCHAP;Alfonzo Meyer;25/01/2006;Delilah Riemer; ;Steeg;235;Delilah Riemer Steeg;1077;UN;1077UN;6420;0;8;7;14;8;2;10
408497319;550296242704;EENMANSZAAK;Randolph Malone;17/05/2006;Talitha Eckles; ;Laan;286;Talitha Eckles Laan;1043;JX;1043JX;6420;8;7;2;3;3;12;15
179215534;409680379888;CV;Hubert Key;20/11/2007;Bong Varnes; ;Steeg;61;Bong Varnes Steeg;1046;GL;1046GL;7112;10;15;0;11;14;2;10
982858150;202702145974;MAATSCHAP;Violet Jordan;22/01/2010;Imogene Timlin; ;Laan;50;Imogene Timlin Laan;1045;QO;1045QO;47783;3;8;0;12;3;9;7
25606848;406316109787;CV;Leonardo Novak;11/08/2010;Eden Caggiano; ;Boulevard;74;Eden Caggiano Boulevard;1047;SV;1047SV;68203;2;7;0;9;12;14;15
99914061;697762245086;VOF;Elisa Buck;17/07/2012;Cassie Nakashima; ;Steeg;164;Cassie Nakashima Steeg;1032;NT;1032NT;8230;7;9;9;3;13;7;13
385691105;2470833259;NV;Elnora Summers;08/08/2012;Louie Amesquita; ;Weg;371;Louie Amesquita Weg;1023;TU;1023TU;6420;14;1;10;13;6;8;7
634294015;867178373035;BV;Ahmed Zuniga;16/08/2012;Edwardo Gallagher; ;Weg;295;Edwardo Gallagher Weg;1025;YV;1025YV;64301;2;3;12;14;0;11;14
763904453;966002603099;NV;Burton Jennings;25/01/2013;Davina Papa; ;Steeg;31;Davina Papa Steeg;1028;IQ;1028IQ;6810;10;11;6;1;4;14;12
256892576;392777121730;EENMANSZAAK;Ahmad Marsh;29/11/2014;Christi Raynor; ;Steeg;368;Christi Raynor Steeg;1026;AH;1026AH;6420;0;6;5;6;7;0;11
367761833;549800887459;VOF;Johnnie Pitts;15/01/2016;Roxanna Auslander; ;Boulevard;89;Roxanna Auslander Boulevard;1027;DA;1027DA;46462;13;13;8;14;3;10;2
336104189;531247787085;BV;Santo Herrera;19/04/2016;Rochell Pantaleo; ;Boulevard;14;Rochell Pantaleo Boulevard;1035;MF;1035MF;6420;10;3;12;1;11;13;14
327880902;625578483286;BV;Kristen Velez;01/07/2017;Romaine Winslow; ;Straat;361;Romaine Winslow Straat;1034;HV;1034HV;47591;2;10;14;8;12;9;2
364622157;144555808444;MAATSCHAP;Agnes Small;25/06/2018;Blaine Earles; ;Weg;3;Blaine Earles Weg;1095;CV;1095CV;6420;12;9;12;0;2;0;12
116623768;602912679075;MAATSCHAP;Maxwell Proctor;16/07/2018;Colette Hedlund; ;Steeg;305;Colette Hedlund Steeg;1086;CH;1086CH;70221;13;13;0;7;6;10;9
577884534;356940018118;VOF;Kirk Rivers;07/02/2019;Hue Procter; ;Steeg;395;Hue Procter Steeg;1087;KN;1087KN;64923;7;9;1;15;15;2;14
180965736;536338482265;BV;Shelly Mcneil;15/04/2001;Tamisha Ewell; ;Weg;230;Tamisha Ewell Weg;1022;JN;1022JN;64923;7;0;2;8;10;13;6
244507969;36015850996;MAATSCHAP;Kelly Harrington;25/07/2001;Jackqueline Key; ;Boulevard;337;Jackqueline Key Boulevard;1036;JF;1036JF;6420;12;9;11;1;0;13;4
792721969;532703522669;MAATSCHAP;Casey Richmond;23/10/2003;Micheline Hyder; ;Boulevard;86;Micheline Hyder Boulevard;1033;ZN;1033ZN;6420;3;0;7;10;12;14;6
660085125;663375038984;CV;Valentin Tapia;27/03/2004;Belia Croghan; ;Boulevard;133;Belia Croghan Boulevard;1042;TV;1042TV;64301;7;9;10;0;15;14;12
456485043;833188886183;CV;Lois Mitchell;06/04/2004;Cherish Ledoux; ;Straat;389;Cherish Ledoux Straat;1044;ZU;1044ZU;64301;4;8;2;12;1;14;1
584529910;454906586990;BV;Lindsay Yoder;13/10/2004;Kathline Emerson; ;Laan;379;Kathline Emerson Laan;1073;AV;1073AV;6420;0;11;15;0;10;9;4
471976828;166361277766;NV;Marissa Robbins;22/02/2005;Maisha Kiddy; ;Laan;159;Maisha Kiddy Laan;1041;YP;1041YP;70222;4;1;9;10;3;2;9
695538565;432178162157;NV;Carmella Hale;08/03/2006;Eugenie Ficklin; ;Steeg;302;Eugenie Ficklin Steeg;1073;WZ;1073WZ;6420;12;13;10;5;14;15;15
35561056;709901683748;NV;Sue Moyer;12/12/2007;Gino Stangl; ;Weg;95;Gino Stangl Weg;1074;MQ;1074MQ;86913;7;1;14;4;5;3;3
771585642;480138019638;BV;Jeanie Gordon;27/01/2008;Sharilyn Prendergast; ;Straat;260;Sharilyn Prendergast Straat;1072;UG;1072UG;6420;3;7;0;5;11;13;14
370776483;127630107094;EENMANSZAAK;Edmond Hampton;24/07/2009;Sarina Puett; ;Straat;282;Sarina Puett Straat;1017;UQ;1017UQ;64301;7;14;0;2;11;3;11
814151560;424326445395;NV;Tyler Mayer;07/12/2009;Livia Goggans; ;Steeg;214;Livia Goggans Steeg;1019;GA;1019GA;6420;13;12;3;5;13;12;9
908861684;477677489757;NV;Angelita Salas;17/02/2011;Kaci Bengtson; ;Weg;88;Kaci Bengtson Weg;1012;KY;1012KY;6202;5;3;6;9;1;14;1
720858395;908794640707;VOF;Elvin Baird;28/08/2011;Hannah Scoville; ;Steeg;230;Hannah Scoville Steeg;1016;SU;1016SU;6420;1;14;4;13;10;5;11
699193464;843651088460;VOF;Gloria George;04/01/2013;Susan Byrne; ;Steeg;87;Susan Byrne Steeg;1013;HA;1013HA;68204;3;4;7;6;0;9;7
442235884;991023869684;VOF;Mel Spencer;01/12/2013;Xochitl Sao; ;Boulevard;340;Xochitl Sao Boulevard;1014;EH;1014EH;6312;1;13;0;12;4;15;5
656696965;836916444841;NV;Trevor Mcmahon;14/12/2013;Sherwood Sicard; ;Laan;368;Sherwood Sicard Laan;1051;MB;1051MB;6420;6;2;10;10;8;4;4
458449682;990955929440;MAATSCHAP;Elisha Moore;27/11/2014;Lilla Brwon; ;Steeg;237;Lilla Brwon Steeg;1056;NM;1056NM;47597;6;12;9;5;4;5;0
639231502;32069699771;NV;Albert Barrera;01/02/2015;Corazon Nesmith; ;Laan;303;Corazon Nesmith Laan;1093;NM;1093NM;6420;11;9;14;4;9;5;7
374468509;531916676877;EENMANSZAAK;Renaldo Branch;01/11/2015;Jackeline Crater; ;Weg;154;Jackeline Crater Weg;1094;UL;1094UL;6420;3;9;10;4;15;5;0
156784633;976717171296;CV;Holly Cabrera;14/11/2015;Kathryne Vannote; ;Laan;77;Kathryne Vannote Laan;1098;XN;1098XN;6420;12;5;1;14;6;2;3
446025970;199725538958;EENMANSZAAK;Lynn Payne;04/01/2016;Latoya Piner; ;Boulevard;271;Latoya Piner Boulevard;1097;IM;1097IM;1330;1;3;0;4;4;11;5
623607369;871026646260;BV;Alejandro Richards;23/06/2019;Hortense Eslick; ;Straat;224;Hortense Eslick Straat;1092;SP;1092SP;64301;13;9;9;5;2;12;14
612083845;168171140757;CV;Mamie Hahn;12/10/2019;Clarisa Jent; ;Laan;330;Clarisa Jent Laan;1091;WW;1091WW;6420;10;10;8;11;5;13;5
768168065;540827572122;NV;Jonah Macdonald;10/03/2000;Louie Millner; ;Boulevard;77;Louie Millner Boulevard;1079;SB;1079SB;6810;8;2;13;2;14;6;14
976430849;370577335184;CV;Jeramy Valdez;02/06/2000;Sueann Quezada; ;Weg;400;Sueann Quezada Weg;1075;CW;1075CW;8542;7;5;8;4;5;1;3
56455397;953241482686;CV;Denis Pollard;21/01/2001;Chan Moreau; ;Boulevard;33;Chan Moreau Boulevard;1054;UN;1054UN;6420;9;4;12;1;4;15;4
856709620;556766765340;EENMANSZAAK;Claudine Manning;25/02/2001;Renae Lawhon; ;Straat;253;Renae Lawhon Straat;1058;ZK;1058ZK;7320;14;5;7;13;8;0;10
958663359;923265408180;NV;Nathan Juarez;27/08/2001;Arlene Hemming; ;Steeg;216;Arlene Hemming Steeg;1062;ZW;1062ZW;7311;2;2;2;0;0;1;6
825921772;52087120491;MAATSCHAP;Charlotte Kidd;24/09/2003;Natosha Noe; ;Steeg;45;Natosha Noe Steeg;1066;JF;1066JF;6420;10;12;1;4;12;15;0
351556122;572138720878;VOF;Tracey Ortiz;28/04/2004;Astrid Winstead; ;Laan;295;Astrid Winstead Laan;1069;UP;1069UP;7311;5;1;8;5;12;14;6
813868326;500050082397;NV;John Quinn;30/06/2004;Lanora Marinaro; ;Boulevard;160;Lanora Marinaro Boulevard;1068;UI;1068UI;69209;1;7;1;7;3;12;7
449613703;223592659126;CV;Harriett Reed;16/07/2004;Kara Lebo; ;Straat;231;Kara Lebo Straat;1065;WN;1065WN;7112;13;11;1;1;1;14;15
82934732;18735139611;MAATSCHAP;Reinaldo Sellers;14/05/2005;Dewitt Bosket; ;Steeg;83;Dewitt Bosket Steeg;1064;YZ;1064YZ;6420;5;9;11;13;4;1;15
846731632;41537549035;EENMANSZAAK;Berta Fisher;31/03/2006;Valarie Merrihew; ;Straat;72;Valarie Merrihew Straat;1061;OW;1061OW;6420;0;8;10;10;2;0;6
288212718;155015011214;NV;Deirdre Mejia;26/09/2006;Kristi Gallogly; ;Straat;45;Kristi Gallogly Straat;1063;UG;1063UG;86919;13;12;1;14;6;14;11
169531432;872164481456;EENMANSZAAK;Coleen Lucero;27/05/2007;Hai Hucks; ;Laan;181;Hai Hucks Laan;1067;HI;1067HI;6612;12;2;11;10;4;2;2
163244282;634934825070;BV;Andres Levy;19/01/2011;Merrill Fred; ;Laan;25;Merrill Fred Laan;1011;KD;1011KD;6420;4;7;15;10;11;2;6
535035436;112248346881;MAATSCHAP;Nannie Zhang;07/03/2012;Queenie Beauchemin; ;Steeg;321;Queenie Beauchemin Steeg;1083;YH;1083YH;6420;10;4;4;2;3;1;5
296402206;719002249722;VOF;Stewart Glover;02/07/2012;Kristian Bartmess; ;Weg;260;Kristian Bartmess Weg;1082;BN;1082BN;68204;0;12;6;2;11;14;5
106536608;743368757368;VOF;Joanna Wheeler;02/01/2013;Romeo Mahan; ;Boulevard;178;Romeo Mahan Boulevard;1078;IA;1078IA;6420;9;0;3;4;6;7;0
774250577;837405420952;EENMANSZAAK;Cary Mathews;09/01/2014;Majorie Greenbaum; ;Laan;97;Majorie Greenbaum Laan;1096;OK;1096OK;66193;13;12;3;13;0;1;15
199354521;337557464036;MAATSCHAP;Jamie Greer;06/08/2014;Risa Jacquemin; ;Weg;291;Risa Jacquemin Weg;1015;KO;1015KO;46421;2;2;7;9;12;8;3
547866043;878139183288;BV;Fermin Liu;02/02/2015;Johanna Claudio; ;Weg;178;Johanna Claudio Weg;1053;RN;1053RN;6420;8;15;9;14;3;13;7
312349431;284289240082;EENMANSZAAK;Tyson Abbott;02/06/2015;Esta Birmingham; ;Laan;105;Esta Birmingham Laan;1052;WJ;1052WJ;46431;1;1;5;1;10;5;14
222149727;198946548110;CV;Otto Velasquez;02/09/2018;Harrison Goncalves; ;Steeg;195;Harrison Goncalves Steeg;1055;FG;1055FG;6420;3;15;11;2;4;8;5
884505937;245811732843;MAATSCHAP;Kristofer Hall;27/11/2018;Emmett Lapp; ;Steeg;284;Emmett Lapp Steeg;1057;QV;1057QV;6420;7;15;2;7;3;10;7
931434179;484224375318;NV;Orlando Salinas;01/09/2019;Emmie Hargett; ;Laan;66;Emmie Hargett Laan;1021;GN;1021GN;46738;10;12;2;12;7;3;5
320828958;595352752808;BV;Earnest Farmer;21/02/2001;Wen Kizer; ;Laan;252;Wen Kizer Laan;1024;PE;1024PE;46681;2;0;4;0;11;8;11
363498792;719998521640;NV;Natasha Soto;03/03/2001;Elene Knecht; ;Straat;174;Elene Knecht Straat;1018;HN;1018HN;4652;14;6;7;15;6;13;11
835095149;842647310141;NV;Georgette Guzman;24/02/2004;Fae Mcneel; ;Laan;62;Fae Mcneel Laan;1102;IO;1102IO;66292;2;1;8;3;14;15;1
249698008;232493678287;VOF;Bernadette Hines;23/09/2004;Fermin Farrington; ;Laan;243;Fermin Farrington Laan;1101;XT;1101XT;6420;2;4;2;2;3;1;5
598603421;464486614207;VOF;Noelle Holmes;14/10/2005;Martina Vannest; ;Steeg;362;Martina Vannest Steeg;1107;VJ;1107VJ;86221;9;14;13;7;4;11;12
242388081;934288786047;EENMANSZAAK;Allan Velazquez;17/12/2007;Myrna Scriven; ;Boulevard;133;Myrna Scriven Boulevard;1106;BH;1106BH;70221;2;15;10;1;3;6;13
535024188;261997205597;EENMANSZAAK;Becky Nguyen;05/01/2009;Bong Scurry; ;Weg;316;Bong Scurry Weg;1104;WV;1104WV;46681;6;1;8;0;0;2;10
987314974;843909079306;BV;Frederick Chapman;15/07/2010;Ricki Clement; ;Laan;153;Ricki Clement Laan;1103;CG;1103CG;72192;15;3;11;14;2;3;15
445500734;878307638575;CV;Clarissa Werner;21/08/2010;Lashawnda Dunlap; ;Boulevard;231;Lashawnda Dunlap Boulevard;1108;QI;1108QI;64923;14;10;15;9;3;8;10
404359687;265280542538;EENMANSZAAK;Herman Gibson;14/11/2011;Saul Parrinello; ;Laan;157;Saul Parrinello Laan;1109;GT;1109GT;46499;2;0;9;2;0;2;10
266688981;761260316619;VOF;Conrad Potter;14/07/2012;Tawnya Garrett; ;Weg;79;Tawnya Garrett Weg;1031;KQ;1031KQ;6420;12;8;10;4;1;4;0
101352361;330338696763;BV;Queen Moran;29/07/2013;Tammera Landrith; ;Laan;351;Tammera Landrith Laan;1081;XC;1081XC;9003;0;2;15;7;15;11;0
121995718;8763859192;VOF;Juan Ponce;11/02/2014;Tijuana Hodder; ;Boulevard;72;Tijuana Hodder Boulevard;1031;GT;1109GT;46499;1;1;9;11;2;9;6